time,action type,action content
2017.12.24-22:11:35,text post,hey everyone! the time now is 2017.12.24-22:11:35
2017.12.24-22:11:55,text post,hey everyone! the time now is 2017.12.24-22:11:55
2017.12.24-22:12:15,text post,hey everyone! the time now is 2017.12.24-22:12:15
2017.12.24-22:12:35,text post,hey everyone! the time now is 2017.12.24-22:12:35
2017.12.24-22:12:55,text post,hey everyone! the time now is 2017.12.24-22:12:55
2017.12.24-22:13:15,text post,hey everyone! the time now is 2017.12.24-22:13:15
2017.12.24-22:13:36,text post,hey everyone! the time now is 2017.12.24-22:13:36
2017.12.24-22:13:56,text post,hey everyone! the time now is 2017.12.24-22:13:56
2017.12.24-22:14:16,text post,hey everyone! the time now is 2017.12.24-22:14:16
2017.12.24-22:14:36,text post,hey everyone! the time now is 2017.12.24-22:14:36
